Archivo,Solución,So,Sc,Ratio,Ahorro%,Relativo%,Tc_ms,Td_ms,Vc_MBs,Vd_MBs,Overhead%,Weissman,SHA_OK,Cota_orden0,H0_bits_byte,Distintos,Nucleo_Tc_ms,Nucleo_Td_ms
prueba_1_pequena.txt,Propia: Huffman dinámico FGK,64,62,1.032258,3.125,96.875,169.1677,172.4791,0.000378,0.000371,32.258065,0.622878,True,2.416174,3.31102,14,0.2067,0.2151
prueba_1_pequena.txt,Externa: Brotli q5,64,48,1.333333,25.0,75.0,16.1824,16.4495,0.003955,0.003891,,1.482822,True,2.416174,3.31102,14,,
prueba_1_pequena.txt,Baseline: gzip -n -6,64,59,1.084746,7.8125,92.1875,28.7439,29.4178,0.002227,0.002176,30.508475,1.0,True,2.416174,3.31102,14,,
prueba_2_texto_natural.txt,Propia: Huffman dinámico FGK,102400,54529,1.8779,46.749023,53.250977,409.7763,494.3425,0.249892,0.207144,0.036678,0.019552,True,1.891357,4.229766,51,277.818,298.3085
prueba_2_texto_natural.txt,Externa: Brotli q5,102400,1143,89.588801,98.883789,1.116211,17.2658,28.3116,5.9308,3.616892,,1.969709,True,1.891357,4.229766,51,,
prueba_2_texto_natural.txt,Baseline: gzip -n -6,102400,1919,53.361126,98.125977,1.874023,28.2795,29.6295,3.620998,3.456015,0.937989,1.0,True,1.891357,4.229766,51,,
prueba_3_alta_repeticion.txt,Propia: Huffman dinámico FGK,102400,36661,2.793159,64.198242,35.801758,354.6711,408.6888,0.288718,0.250557,0.054554,0.013159,True,2.894219,2.764131,11,195.7366,224.9706
prueba_3_alta_repeticion.txt,Externa: Brotli q5,102400,64,1600.0,99.9375,0.0625,17.9141,37.9599,5.716168,2.697584,,15.336888,True,2.894219,2.764131,11,,
prueba_3_alta_repeticion.txt,Baseline: gzip -n -6,102400,914,112.035011,99.107422,0.892578,22.1732,22.7313,4.618188,4.504802,1.969365,1.0,True,2.894219,2.764131,11,,
prueba_4_baja_repeticion.txt,Propia: Huffman dinámico FGK,102400,85409,1.198937,16.592773,83.407227,558.2997,644.5223,0.183414,0.158877,0.023417,0.541908,True,1.217816,6.569134,95,412.8712,510.9535
prueba_4_baja_repeticion.txt,Externa: Brotli q5,102400,85044,1.204083,16.949219,83.050781,26.5162,26.5195,3.86179,3.86131,,1.050176,True,1.217816,6.569134,95,,
prueba_4_baja_repeticion.txt,Baseline: gzip -n -6,102400,85207,1.201779,16.790039,83.209961,31.0511,36.7661,3.29779,2.785174,0.021125,1.0,True,1.217816,6.569134,95,,
